precinct,arrival_time,voting_duration,start_time
Downtown,0.23302976314124027,2.1067422906561966,0.23302976314124027
Downtown,18.490639186100868,2,18.490639186100868
Downtown,20.107368942922484,2,20.490639186100868
Downtown,26.70497409413849,2,26.70497409413849
Downtown,29.498710317792046,2.5386666309395194,29.498710317792046
