precinct,arrival_time,voting_duration,start_time
Tundra Town,0.6408318486384107,2.1067422906561966,0.6408318486384107
Tundra Town,50.84925776177739,2,50.84925776177739
Tundra Town,55.29526459303683,2,55.29526459303683
